rsID	EA	OA	beta_UA(J-MICC)	se_ua	beta_eGFR(ToMMo)	se_eGFR	N_UA	N_eGFR	harmonization_flags
rs74896528	T	C	-0.076630197	0.031838901	-0.034065299	0.0125744	10428	47070	none
rs35880546	C	T	-0.018595699	0.024857501	-0.0217705	0.0125025	10428	47070	none
rs2974935	T	G	-0.064787999	0.017925501	0.0441975	0.00853757	10428	47070	none
rs1775148	T	C	-0.0328498	0.0137703	0.00928944	0.0068155	10428	47070	none
rs1260326	C	T	-0.0483182	0.0140095	-0.062847704	0.00641701	10428	47070	none
rs16856823	T	A	0.023796801	0.017792599	0.074059203	0.00791607	10428	47070	none
rs117297673	C	T	5.92E-05	0.037346002	0.00412418	0.0159469	10428	47070	none
rs2581824	A	C	0.0522369	0.0137612	0.00100974	0.00639578	10428	47070	none
rs9837316	T	G	-0.0110813	0.0181583	0.024792301	0.00857869	10428	47070	none
rs3775948	C	G	0.19022299	0.0139742	-0.00472418	0.00644431	10428	47070	none
rs10857147	T	A	-0.029024599	0.0150367	0.034570299	0.00698583	10428	47070	none
rs7439032	C	T	-0.032786202	0.0139961	-0.00276409	0.00644008	10428	47070	none
rs2231142	T	G	0.111306	0.0152231	-0.0061927	0.00708271	10428	47070	none
rs7725769	A	G	0.026238799	0.0139572	0.00574818	0.00638231	10428	47070	none
rs1165195	G	T	0.123417	0.0183811	-0.035073899	0.00908733	10428	47070	none
rs6930689	C	T	0.0175352	0.0143471	0.013614	0.00657755	10428	47070	none
rs4724828	T	C	0.027448099	0.0138899	-0.0585972	0.0065476	10428	47070	none
rs7800944	C	T	-0.017679499	0.022226799	-0.0104429	0.0108824	10428	47070	none
rs2977944	A	G	0.048184201	0.0139254	0.0115495	0.00645865	10428	47070	none
rs1453379	C	T	0.041953102	0.0160367	-0.0192931	0.0071326	10428	47070	none
rs703978	G	C	0.00224272	0.0151142	-0.0108785	0.00692963	10428	47070	none
rs4752101	C	T	-0.051602501	0.0138736	0.00681854	0.00636757	10428	47070	none
rs963837	C	T	-0.0172475	0.0145498	0.062359098	0.00662928	10428	47070	none
rs121907892	A	G	-1.56406	0.045147799	0.046634901	0.0214309	10428	47070	none
rs144825998	T	C	-0.0601562	0.0208543	-0.070719004	0.0110864	10428	47070	none
rs1169288	C	A	0.000573241	0.0138427	-0.000616955	0.00641271	10428	47070	none
rs76667145	T	C	-0.035730299	0.0185598	0.045812201	0.00847298	10428	47070	none
rs4966019	T	C	-0.031507399	0.0138855	0.0330895	0.0063777	10428	47070	none
rs35243287	G	A	-0.040685002	0.0155418	0.00384524	0.0070688	10428	47070	none
rs8062941	G	A	-0.029402399	0.019440999	0.0301893	0.00857966	10428	47070	none
rs4077450	T	G	-0.0109598	0.0142305	-0.0125217	0.00649135	10428	47070	none
rs9895661	T	C	0.042621899	0.0140003	0.073161803	0.00640019	10428	47070	none
rs6026578	G	C	-0.045366	0.01556	0.0268349	0.00717843	10428	47070	none
rs3747207	A	G	-0.031740699	0.0139152	0.00361339	0.00639681	10428	47070	none
