method	rsID_left_out	beta	se	p
IVW	rs4752101	-0.030515821	0.055359265	0.581474358
IVW	rs703978	-0.0313538	0.055044333	0.568942273
IVW	rs963837	-0.02812385	0.051702738	0.586473935
IVW	rs121907892	-0.035624322	0.104855587	0.734047417
IVW	rs144825998	-0.036269097	0.053561376	0.498310655
IVW	rs1169288	-0.031423571	0.055137315	0.568735496
IVW	rs76667145	-0.028393804	0.05411897	0.599822841
IVW	rs4966019	-0.028033604	0.05424045	0.605268241
IVW	rs35243287	-0.031137192	0.055257026	0.573096219
IVW	rs8062941	-0.029831964	0.054730904	0.585708011
IVW	rs4077450	-0.031877109	0.054996823	0.562172734
IVW	rs9895661	-0.042016146	0.049763545	0.398492972
IVW	rs35880546	-0.031783726	0.055022689	0.56350204
IVW	rs2974935	-0.026291726	0.054396408	0.628857398
IVW	rs1775148	-0.030626647	0.055168066	0.578790883
IVW	rs74896528	-0.033835677	0.05494997	0.538056742
IVW	rs6026578	-0.028367128	0.054799431	0.60469991
IVW	rs3747207	-0.0311458	0.055223625	0.572758136
IVW	rs16856823	-0.035285965	0.051612838	0.494185822
IVW	rs1260326	-0.041761316	0.051283692	0.415461875
IVW	rs9837316	-0.03092229	0.054830382	0.57277952
IVW	rs117297673	-0.031422499	0.055135085	0.568733049
IVW	rs2581824	-0.03188645	0.055382473	0.564784283
IVW	rs10857147	-0.02869679	0.054298278	0.597150423
IVW	rs7439032	-0.031831243	0.055221543	0.564325932
IVW	rs2231142	-0.03058185	0.05608059	0.585533662
IVW	rs3775948	-0.032306693	0.05872036	0.582196792
IVW	rs7725769	-0.031998796	0.055160086	0.561841919
IVW	rs1165195	-0.024926517	0.055368414	0.652570695
IVW	rs6930689	-0.032202981	0.054985224	0.558099932
IVW	rs4724828	-0.026389217	0.052113407	0.612589511
IVW	rs7800944	-0.031645481	0.055108194	0.565803545
IVW	rs2977944	-0.033487728	0.055187768	0.543986167
IVW	rs1453379	-0.029399368	0.055020927	0.593112786
Weighted median	rs4752101	-0.029425805	0.012944482	0.023012228
Weighted median	rs703978	-0.02947851	0.012962873	0.022961639
Weighted median	rs963837	-0.029473153	0.012965798	0.023017381
Weighted median	rs121907892	-0.037252806	0.031218961	0.232761682
Weighted median	rs144825998	-0.02950226	0.013069587	0.023987992
Weighted median	rs1169288	-0.0294786	0.013058602	0.023982559
Weighted median	rs76667145	-0.0294643	0.013066477	0.024136236
Weighted median	rs4966019	-0.029458976	0.013065225	0.024148257
Weighted median	rs35243287	-0.029451967	0.01305308	0.024050396
Weighted median	rs8062941	-0.029469154	0.013071987	0.024172625
Weighted median	rs4077450	-0.029480885	0.013073138	0.02412872
Weighted median	rs9895661	-0.029514241	0.013087061	0.024119332
Weighted median	rs35880546	-0.029480372	0.013076721	0.024169996
Weighted median	rs2974935	-0.029432306	0.013068908	0.02431683
Weighted median	rs1775148	-0.029459921	0.013067004	0.024163002
Weighted median	rs74896528	-0.029508446	0.013082148	0.024094007
Weighted median	rs6026578	-0.029446491	0.013068446	0.024243316
Weighted median	rs3747207	-0.029458804	0.013060356	0.024096347
Weighted median	rs16856823	-0.029485858	0.013077609	0.024153254
Weighted median	rs1260326	-0.029524166	0.013086979	0.024070909
Weighted median	rs9837316	-0.029477253	0.013073972	0.024155203
Weighted median	rs117297673	-0.029478594	0.013057199	0.023967444
Weighted median	rs2581824	-0.029532212	0.013048372	0.023617995
Weighted median	rs10857147	-0.029464719	0.013064503	0.024112852
Weighted median	rs7439032	-0.029499427	0.013050111	0.023791892
Weighted median	rs2231142	-0.029280083	0.013072534	0.02510281
Weighted median	rs3775948	-0.031905234	0.013688889	0.019767098
Weighted median	rs7725769	-0.029492179	0.012962246	0.022891726
Weighted median	rs1165195	-0.029330334	0.012961579	0.023643866
Weighted median	rs6930689	-0.029484307	0.012979595	0.023111336
Weighted median	rs4724828	-0.029464468	0.012976424	0.023170266
Weighted median	rs7800944	-0.029480715	0.012972894	0.023057193
Weighted median	rs2977944	-0.029523331	0.012976971	0.022902593
Weighted median	rs1453379	-0.029450785	0.01296788	0.023143576
Weighted mode	rs4752101	-0.070706386	12.26453698	0.995400134
Weighted mode	rs703978	-0.016860733	9.40585548	0.99856973
Weighted mode	rs963837	0.034198758	11.49077814	0.997625346
Weighted mode	rs121907892	-0.113625489	12.32488014	0.99264425
Weighted mode	rs144825998	-0.106435148	12.16331255	0.993018195
Weighted mode	rs1169288	-0.106435148	9.146271001	0.990715228
Weighted mode	rs76667145	0.034198758	12.07589371	0.997740405
Weighted mode	rs4966019	0.034198758	12.08326403	0.997741784
Weighted mode	rs35243287	-0.070706386	12.20211184	0.995376602
Weighted mode	rs8062941	0.034198758	12.0901849	0.997743076
Weighted mode	rs4077450	-0.106435148	12.09477276	0.992978631
Weighted mode	rs9895661	-0.106435148	12.07644777	0.992967977
Weighted mode	rs35880546	-0.106435148	12.10431119	0.992984164
Weighted mode	rs2974935	-0.070706386	12.13314538	0.995350322
Weighted mode	rs1775148	-0.070706386	12.19410073	0.995373565
Weighted mode	rs74896528	0.038565765	12.12636587	0.997462473
Weighted mode	rs6026578	-0.070706386	12.22269604	0.995384388
Weighted mode	rs3747207	-0.070706386	12.22968175	0.995387025
Weighted mode	rs16856823	-0.106435148	11.83839577	0.992826577
Weighted mode	rs1260326	-0.106435148	12.08620441	0.992973653
Weighted mode	rs9837316	0.034198758	11.50796469	0.997628893
Weighted mode	rs117297673	-0.034324657	0.030411707	0.259038796
Weighted mode	rs2581824	0.038565765	12.20637731	0.997479106
Weighted mode	rs10857147	0.034198758	12.02720871	0.997731259
Weighted mode	rs7439032	0.038565765	12.19949151	0.997477684
Weighted mode	rs2231142	-0.070706386	12.19811674	0.995375088
Weighted mode	rs3775948	0.038565765	12.19631973	0.997477028
Weighted mode	rs7725769	0.038565765	12.19471683	0.997476696
Weighted mode	rs1165195	-0.070706386	12.18413657	0.995369781
Weighted mode	rs6930689	-0.106435148	12.05943692	0.992958058
Weighted mode	rs4724828	0.034198758	12.00331715	0.997726743
Weighted mode	rs7800944	0.038565765	12.05708904	0.997447893
Weighted mode	rs2977944	0.038565765	12.18394885	0.997474466
Weighted mode	rs1453379	-0.070706386	12.13871034	0.995352454
